{
  "-O4VFQWwUHBlIJn3UihZ": {
    "gyroX": 0.55,
    "gyroY": -0.06,
    "gyroZ": -0.43,
    "timestamp": 1723896805.1813629
  },
  "-O4VFQbo1vySVI089dZH": {
    "gyroX": 0.55,
    "gyroY": -0.12,
    "gyroZ": -0.43,
    "timestamp": 1723896805.8243372
  },
  "-O4VFQh7Kly8ziu5n0q0": {
    "gyroX": 0.55,
    "gyroY": -0.12,
    "gyroZ": -0.37,
    "timestamp": 1723896806.178285
  },
  "-O4VFQmO6-E9KkLiAOvy": {
    "gyroX": 0.55,
    "gyroY": -0.12,
    "gyroZ": -0.43,
    "timestamp": 1723896806.5173125
  },
  "-O4VFQrfVCVhEHxTDE6c": {
    "gyroX": 0.49,
    "gyroY": -0.06,
    "gyroZ": -0.43,
    "timestamp": 1723896806.8553548
  },
  "-O4VFQx2SBWXYxeVBlx6": {
    "gyroX": 0.55,
    "gyroY": -0.12,
    "gyroZ": -0.43,
    "timestamp": 1723896807.193726
  },
  "-O4VFR1WrBQ5e-TN960-": {
    "gyroX": 0.49,
    "gyroY": -0.12,
    "gyroZ": -0.43,
    "timestamp": 1723896807.5476265
  },
  "-O4VFR6iq6nDPOpqeCpl": {
    "gyroX": 0.61,
    "gyroY": -0.06,
    "gyroZ": -0.43,
    "timestamp": 1723896807.8891602
  },
  "-O4VFRC05LZz9Ph2ZMmW": {
    "gyroX": 0.55,
    "gyroY": -0.12,
    "gyroZ": -0.43,
    "timestamp": 1723896808.216695
  },
  "-O4VFRHDqnGGjvkAgeLa": {
    "gyroX": 0.55,
    "gyroY": -0.12,
    "gyroZ": -0.43,
    "timestamp": 1723896808.557049
  },
  "-O4VFRMYgHMEXSZZqhrI": {
    "gyroX": 0.49,
    "gyroY": -0.06,
    "gyroZ": -0.43,
    "timestamp": 1723896808.8973796
  },
  "-O4VFRRohphnZu4Bp1Yt": {
    "gyroX": 0.55,
    "gyroY": -0.12,
    "gyroZ": -0.43,
    "timestamp": 1723896809.2346303
  },
  "-O4VFRX7RIGgUhc82rci": {
    "gyroX": 0.49,
    "gyroY": -0.12,
    "gyroZ": -0.43,
    "timestamp": 1723896809.572383
  },
  "-O4VFRbMFGTNT3El2Uj-": {
    "gyroX": 0.55,
    "gyroY": -0.12,
    "gyroZ": -0.43,
    "timestamp": 1723896809.9108322
  },
  "-O4VFRghGth8Bj_lqC9p": {
    "gyroX": 0.55,
    "gyroY": -0.12,
    "gyroZ": -0.43,
    "timestamp": 1723896810.2521403
  },
  "-O4VFRlxzU4OO3wh5_d_": {
    "gyroX": 0.55,
    "gyroY": -0.12,
    "gyroZ": -0.43,
    "timestamp": 1723896810.5931304
  },
  "-O4VFRrHFceSufoZzdjY": {
    "gyroX": 0.49,
    "gyroY": -0.12,
    "gyroZ": -0.43,
    "timestamp": 1723896810.9316468
  },
  "-O4VFRw_H_XdyzQwZbka": {
    "gyroX": 0.55,
    "gyroY": -0.06,
    "gyroZ": -0.43,
    "timestamp": 1723896811.2696123
  },
  "-O4VFS0pFAWjRKcQtllT": {
    "gyroX": 0.55,
    "gyroY": -0.12,
    "gyroZ": -0.43,
    "timestamp": 1723896811.6088002
  },
  "-O4VFS6CQoS9Hr1e3V5C": {
    "gyroX": 0.49,
    "gyroY": -0.12,
    "gyroZ": -0.43,
    "timestamp": 1723896811.9487464
  },
  "-O4VFSBeZmtiSEgTt6PI": {
    "gyroX": 0.55,
    "gyroY": -0.12,
    "gyroZ": -0.43,
    "timestamp": 1723896812.284935
  },
  "-O4VFSGwnY1hR-pAAVYm": {
    "gyroX": 0.49,
    "gyroY": -0.06,
    "gyroZ": -0.37,
    "timestamp": 1723896812.6394536
  },
  "-O4VFSMHeTMJvPoQTyIv": {
    "gyroX": 0.55,
    "gyroY": -0.12,
    "gyroZ": -0.43,
    "timestamp": 1723896812.9774358
  },
  "-O4VFSSkDuxQSL0Adjna": {
    "gyroX": 0.55,
    "gyroY": -0.12,
    "gyroZ": -0.43,
    "timestamp": 1723896813.345487
  },
  "-O4VFSZHF4SxZXfRNSc9": {
    "gyroX": 0.55,
    "gyroY": -0.06,
    "gyroZ": -0.43,
    "timestamp": 1723896813.8087864
  },
  "-O4VFSdWnFUj_ScJiTcO": {
    "gyroX": 0.49,
    "gyroY": -0.12,
    "gyroZ": -0.43,
    "timestamp": 1723896814.1459866
  },
  "-O4VFSiicYEvBduOD-fM": {
    "gyroX": 0.49,
    "gyroY": -0.12,
    "gyroZ": -0.43,
    "timestamp": 1723896814.481801
  },
  "-O4VFSo7ya0l24UY07tY": {
    "gyroX": 0.55,
    "gyroY": -0.06,
    "gyroZ": -0.43,
    "timestamp": 1723896814.8186848
  },
  "-O4VFSv74j4WkF2DMpsq": {
    "gyroX": 0.55,
    "gyroY": -0.12,
    "gyroZ": -0.43,
    "timestamp": 1723896815.177344
  },
  "-O4VFT0DM7fidLYMAhtr": {
    "gyroX": 0.55,
    "gyroY": -0.06,
    "gyroZ": -0.43,
    "timestamp": 1723896815.6239586
  },
  "-O4VFT690EGzDT4MiMRh": {
    "gyroX": 0.55,
    "gyroY": -0.06,
    "gyroZ": -0.43,
    "timestamp": 1723896816.036821
  },
  "-O4VFTBdONuYocY4EP9M": {
    "gyroX": 0.55,
    "gyroY": -0.12,
    "gyroZ": -0.43,
    "timestamp": 1723896816.3908124
  },
  "-O4VFTGsMB7R8MMFXoQr": {
    "gyroX": 0.55,
    "gyroY": -0.06,
    "gyroZ": -0.43,
    "timestamp": 1723896816.7310934
  },
  "-O4VFTMCZW_8Nw2IIkrx": {
    "gyroX": 0.55,
    "gyroY": -0.12,
    "gyroZ": -0.43,
    "timestamp": 1723896817.0719378
  },
  "-O4VFTRPwEeWLjBm4qn6": {
    "gyroX": 0.55,
    "gyroY": -0.12,
    "gyroZ": -0.43,
    "timestamp": 1723896817.400256
  },
  "-O4VFTWh_g21GSA2_GBt": {
    "gyroX": 0.55,
    "gyroY": -0.06,
    "gyroZ": -0.43,
    "timestamp": 1723896817.7429113
  },
  "-O4VFTbNkAkH6ES5Rnlc": {
    "gyroX": 0.55,
    "gyroY": -0.06,
    "gyroZ": -0.43,
    "timestamp": 1723896818.0830836
  },
  "-O4VFTgZWPAdOSN5VP1o": {
    "gyroX": 0.49,
    "gyroY": -0.12,
    "gyroZ": -0.43,
    "timestamp": 1723896818.437845
  },
  "-O4VFTlihFIZIYTGIZA9": {
    "gyroX": 0.49,
    "gyroY": -0.06,
    "gyroZ": -0.43,
    "timestamp": 1723896818.7641068
  },
  "-O4VFTqvG29r5E0YkTHZ": {
    "gyroX": 0.55,
    "gyroY": -0.12,
    "gyroZ": -0.49,
    "timestamp": 1723896819.1053276
  },
  "-O4VFTw6E3kUZ3tA_wTx": {
    "gyroX": 0.49,
    "gyroY": -0.06,
    "gyroZ": -0.43,
    "timestamp": 1723896819.4285557
  },
  "-O4VFU5qhOXQ7rxpU5fd": {
    "gyroX": 0.55,
    "gyroY": -0.06,
    "gyroZ": -0.43,
    "timestamp": 1723896819.7697484
  },
  "-O4VFUB9IBSi4FiVm3_W": {
    "gyroX": 0.49,
    "gyroY": -0.06,
    "gyroZ": -0.43,
    "timestamp": 1723896820.4602492
  },
  "-O4VFUGWY03WA67KTywA": {
    "gyroX": 0.55,
    "gyroY": -0.06,
    "gyroZ": -0.43,
    "timestamp": 1723896820.7958026
  },
  "-O4VFUMo5s_Blb2vcsaD": {
    "gyroX": 0.61,
    "gyroY": -0.06,
    "gyroZ": -0.43,
    "timestamp": 1723896821.1708472
  },
  "-O4VFUT8RYV74ndFAtLp": {
    "gyroX": 0.55,
    "gyroY": -0.12,
    "gyroZ": -0.43,
    "timestamp": 1723896821.5895524
  },
  "-O4VFUYe_atce_YJDOXi": {
    "gyroX": 0.61,
    "gyroY": -0.12,
    "gyroZ": -0.43,
    "timestamp": 1723896821.9583452
  },
  "-O4VFUcv6H76i6vH3mUO": {
    "gyroX": 0.55,
    "gyroY": -0.06,
    "gyroZ": -0.49,
    "timestamp": 1723896822.3028808
  },
  "-O4VFUi5iO9m3f356wDj": {
    "gyroX": 0.49,
    "gyroY": -0.06,
    "gyroZ": -0.43,
    "timestamp": 1723896822.6306734
  },
  "-O4VFUnaYFWb0Mq1dm86": {
    "gyroX": 0.55,
    "gyroY": -0.06,
    "gyroZ": -0.37,
    "timestamp": 1723896822.9734194
  },
  "-O4VFUstbQoJtUm4pTqT": {
    "gyroX": 0.55,
    "gyroY": -0.06,
    "gyroZ": -0.43,
    "timestamp": 1723896823.3150988
  },
  "-O4VFUy8lgtdn8TE9akM": {
    "gyroX": 0.55,
    "gyroY": -0.12,
    "gyroZ": -0.43,
    "timestamp": 1723896823.6590695
  },
  "-O4VFV2Tp1AIN1lBIvaW": {
    "gyroX": 0.55,
    "gyroY": -0.06,
    "gyroZ": -0.43,
    "timestamp": 1723896823.9972582
  },
  "-O4VFV7oBwcMckGW1cs4": {
    "gyroX": 0.55,
    "gyroY": -0.06,
    "gyroZ": -0.43,
    "timestamp": 1723896824.3395445
  },
  "-O4VFVDARJ0h85EJrT5I": {
    "gyroX": 0.61,
    "gyroY": -0.06,
    "gyroZ": -0.43,
    "timestamp": 1723896824.6817
  },
  "-O4VFVIX8oWWmfnJyBoY": {
    "gyroX": 0.55,
    "gyroY": -0.12,
    "gyroZ": -0.43,
    "timestamp": 1723896825.0223796
  },
  "-O4VFVNgsX2FJEAU_-yb": {
    "gyroX": 0.49,
    "gyroY": -0.06,
    "gyroZ": -0.43,
    "timestamp": 1723896825.360881
  },
  "-O4VFVSzOcUjKQwdxXID": {
    "gyroX": 0.55,
    "gyroY": -0.06,
    "gyroZ": -0.43,
    "timestamp": 1723896825.6991205
  },
  "-O4VFVY4J616hvlx7QWX": {
    "gyroX": 0.55,
    "gyroY": -0.06,
    "gyroZ": -0.43,
    "timestamp": 1723896826.0239918
  },
  "-O4VFVcPS_1uJnz2IgFE": {
    "gyroX": 0.55,
    "gyroY": -0.06,
    "gyroZ": -0.37,
    "timestamp": 1723896826.3641565
  },
  "-O4VFVhirSMNJzKtRRhl": {
    "gyroX": 0.55,
    "gyroY": -0.06,
    "gyroZ": -0.43,
    "timestamp": 1723896826.7039657
  },
  "-O4VFVmvqKPj8EYNbBSQ": {
    "gyroX": 0.49,
    "gyroY": -0.12,
    "gyroZ": -0.43,
    "timestamp": 1723896827.0436714
  },
  "-O4VFVsXHl9JYycBvQ2f": {
    "gyroX": 0.61,
    "gyroY": -0.06,